partei,avg_comments_per_video,avg_likes_per_comment,avg_replies_per_comment
afd,163.94940079893476,10.020556178223933,0.2568263404967269
cdu_csu,138.98056801195816,10.073286153713783,0.28117404117102973
gruene,108.18729817007535,22.660060095914673,0.4890354804688277
linke,256.92634560906515,45.89358840068361,0.7817520260212801
spd,101.8671679197995,20.299249600196827,0.38320211588141223
