party,share_positive,share_neutral,share_negative
afd,0.8292682926829268,0.13008130081300814,0.04065040650406504
cdu_csu,0.47812104787714543,0.2651129177958446,0.25676603432700995
gruene,0.6029501837484688,0.2674050632911392,0.129644752960392
linke,0.6112743297833272,0.24253274574611336,0.14619292447055943
spd,0.5672477801176701,0.29971125246955127,0.1330409674127787
