party,share_blue_heart
afd,0.7235772357723578
cdu_csu,0.10500451671183378
gruene,0.07252960391996734
linke,0.03739747827151426
spd,0.06817046959466794
