party,mean_match_rate,total_comments,mean_final_sentiment
afd,0.11141939252336448,246,0.7057603193146418
cdu_csu,0.1805522360117033,27675,0.3172046706926562
gruene,0.16362566507287832,19592,0.46123452518844205
linke,0.2236694872396169,32676,0.3370935248955867
spd,0.1791619673734175,46061,0.4096790228064849
