party,avg_videos_per_account,active_accounts,accounts_in_config
linke,21.68421052631579,19,31
gruene,18.119402985074625,67,82
cdu_csu,20.32608695652174,46,75
afd,31.137931034482758,29,60
spd,20.729166666666668,96,145
complete,21.22178988326848,257,393
