Number of videos,Average views,Average likes,Average comments,Average shares,Total views
903,73275.8992248062,6083.421926910299,441.70542635658916,608.2635658914729,66168137
