playlists,count
7.390268370320461e+18,11
7.470539625283472e+18,1
