playlists,count
7.390268370320461e+18,11
7.470257919230021e+18,6
7.307591814217879e+18,5
7.307595736127327e+18,1
7.459418556837547e+18,1
7.470539625283472e+18,1
