playlists,count
7.307591814217879e+18,5
7.307595736127327e+18,1
7.459418556837547e+18,1
