Number of videos,Average views,Average likes,Average comments,Average shares,Total views
935,77647.76898395721,2364.9122994652407,416.17860962566846,275.35187165775403,72600664
