Number of videos,Average views,Average likes,Average comments,Average shares,Total views
1214,50044.85914332784,3443.9571663920924,216.27100494233937,264.10873146622737,60754459
