Number of videos,Average views,Average likes,Average comments,Average shares,Total views
412,248617.06796116504,33335.094660194176,684.3980582524272,1545.9126213592233,102430232
