Number of videos,Average views,Average likes,Average comments,Average shares,Total views
1990,62437.30904522613,4580.422110552764,213.8391959798995,660.0025125628141,124250245
